"accession_name","year"
"AM1495-1",2014
"AM1511-1",2014
"AM1547-2",2014
"CG1141-1",1980
"CM4919-1",1982
"GM10189-4",2015
"GM10194-1",2015
"GM10194-3",2015
"GM10194-5",2015
"GM10194-6",2015
"GM10213-3",2015
"GM10214-9",2015
"GM10221-7",2015
"GM10292-9",2015
"GM10299-1",2015
"GM10299-2",2015
"GM10352-1",2015
"GM10370-1",2015
"GM10376-13",2015
"GM10376-15",2015
"GM10376-20",2015
"GM10386-1",2015
"GM10394-2",2015
"GM10397-5",2015
"GM11213-2",2016
"GM11319-3",2016
"GM11365-2",2016
"GM11365-3",2016
"GM11470-9",2016
"GM11585-9",2017
"GM11598A-7",
"GM11601-5",2017
"GM11607-3",2017
"GM11775-6",2017
"GM11781-1",2017
"GM11801-1",2017
"GM12370A-2",
"GM12421A-2",
"GM12569A-9",
"GM273-57",1999
"GM3623-27",2007
"GM6302A-31",
"GM9363-1",2013
"GM9404-1",2013
"GM9698-2",2014
"GM9732-1",2014
"GM9735-3",2014
"GM9738-3",2014
"GM9740-1",2014
"GM9740-2",2014
"GM9740-3",2014
"GM9814-2",2014
"GM9831-2",2014
"GM9857-5",2014
"GM9910-1",2014
"SM2775-4",1997
"SM4850-10",2015
"SM4850-18",2015
"SM4850-5",2015
"SM4850-6",2015
"SM4850-7",2015
"SM4850-8",2015
"SM4852-8",2015
"SM4854-23",2015
"SM4855-1",2015
"SM4855-10",2015
"SM4855-17",2015
"SM4856-13",2015
"SM4856-14",2015
"SM4856-3",2015
"SM4856-6",2015
"SM4856-8",2015
"SM4859-1",2015
"SM4859-3",2015
"SM4861-10",2015
"SM4861-12",2015
"SM4861-15",2015
"SM4861-19",2015
"SM4861-21",2015
"SM4861-9",2015
"SM4862-11",2015
"SM4862-15",2015
"SM4862-4",2015
"SM4862-9",2015
"SM4863-15",2015
"SM4863-33",2015
"SM4867-1",2015
"SM4871-12",2015
"SM4871-25",2015
"SM4876-1",2015
"SM4876-2",2015
"SM4877-1",2015
"SM4877-14",2015
"SM4891-13",2015
"SM4897-22",2015
"SM4921-5",2015
"SM4922-1",2015
"SM4922-2",2015
"SM4922-4",2015
"SM4922-6",2015
"SM4922-8",2015
"SM4936-14",2015
"SM4936-15",2015
"SM4939-25",2015
"SM4939-27",2015
"SM4939-39",2015
"SM4952-4",2015
"SM4952-5",2015
"SM4955-23",2015
"SM4956-10",2015
"SM4956-6",2015
"SM4957-2",2015
"SM4963-25",2015
"SM4989-6",2015
"SM4993-9",2015
"SM5007-37",2015
"SM5008-19",2015
"SM5008-25",2015
"SM5008-33",2015
"SM5008-8",2015
"SM5495-11",2017
"SM5548-1",2017
"SM5564-6",2017
"SM5564-8",2017
"SM5566-4",2017
"SM5628-5",2017
"SM5908A-2",
"SM5950A-9",
"SM6028A-5",
"SM6045A-3",
"SM6089A-10",
"SM6107A-2",
"SM6119A-16",
"SM6119A-9",
"SM6142A-14",
"SM6165A-5",
"SM6174A-8",
"SM6176A-15",
"SM6218A-12",
"SM6218A-4",
"SM6267A-3",
"SM6268A-3",
"SM6276A-25",
"SM6276A-3",
"SM6296A-2",
"SM6315A-16",
"SM6317A-1",
"SM6319A-1",
"SM6369A-12",
"SM6376A-10",
"SM6376A-15",
"SM6376A-22",
"SM6376A-23",
"SM6376A-26",
"SMB2446-2",
"YT1-4",
"GM11210-2",2016
"GM11210-4",2016
"GM11211-3",2016
"GM11211-4",2016
"GM11211-5",2016
"GM11212-14",2016
"GM11212-16",2016
"GM11212-19",2016
"GM11212-6",2016
"GM11213-4",2016
"GM11218-3",2016
"GM11219A-1",2016
"GM11219A-8",2016
"GM11219A-9",2016
"GM11219B-1",
"GM11219B-2",
"GM11219B-3",
"GM11219B-7",
"GM11219B-8",
"GM11220-1",2016
"GM11220-2",2016
"GM11220-3",2016
"GM11235-1",2016
"GM11235-2",2016
"GM11241-2",2016
"GM11249-1",2016
"GM11249-2",2016
"GM11251-2",2016
"GM11251-5",2016
"GM11260-2",2016
"GM11264-1",2016
"GM11264-4",2016
"GM11264-5",2016
"GM11268-1",2016
"GM11268-14",2016
"GM11268-2",2016
"GM11268-5",2016
"GM11269-4",2016
"GM11269-8",2016
"GM11271-1",2016
"GM11271-6",2016
"GM11271-9",2016
"GM11274-1",2016
"GM11274-10",2016
"GM11274-7",2016
"GM11274-9",2016
"GM11275-4",2016
"GM11276A-1",2016
"GM11280-20",2016
"GM11281-1",2016
"GM11285-2",2016
"GM11287-2",2016
"GM11291-2",2016
"GM11295-1",2016
"GM11296-1",2016
"GM11297-5",2016
"GM11298-1",2016
"GM11299-1",2016
"GM11310-12",2016
"GM11313-3",2016
"GM11315-5",2016
"GM11317-12",2016
"GM11320-3",2016
"GM11327-3",2016
"GM11348-2",2016
"GM11353-7",2016
"GM11356-1",2016
"GM11357-3",2016
"GM11357-4",2016
"GM11360-4",2016
"GM11364-13",2016
"GM11364-6",2016
"GM11370-2",2016
"GM11376-1",2016
"GM11376-4",2016
"GM11377-2",2016
"GM11377-6",2016
"GM11378-2",2016
"GM11379-1",2016
"GM11386-4",2016
"GM11395-2",2016
"GM11396-3",2016
"GM11399-2",2016
"GM11404-2",2016
"GM11404-3",2016
"GM11405-1",2016
"GM11405-2",2016
"GM11405-8",2016
"GM11413-1",2016
"GM11417-6",2016
"GM11418-1",2016
"GM11418-2",2016
"GM11418-4",2016
"GM11419-1",2016
"GM11419-16",2016
"GM11419-23",2016
"GM11419-25",2016
"GM11419-4",2016
"GM11422-1",2016
"GM11422-5",2016
"GM11425-1",2016
"GM11425-5",2016
"GM11429-2",2016
"GM11431-2",2016
"GM11433-2",2016
"GM11435-2",2016
"GM11435-3",2016
"GM11435-6",2016
"GM11435-7",2016
"GM11438-2",2016
"GM11441-1",2016
"GM11443-2",2016
"GM11450-4",2016
"GM11453-9",2016
"GM11455-1",2016
"GM11457-6",2016
"GM11458-13",2016
"GM11458-15",2016
"GM11458-17",2016
"GM11458-23",2016
"GM11458-6",2016
"GM11458-7",2016
"GM11458-8",2016
"GM11463-4",2016
"GM11465-2",2016
"GM11466-5",2016
"GM11466-6",2016
"GM11468-8",2016
"GM11470-10",2016
"GM11470-11",2016
"GM11470-2",2016
"GM11470-3",2016
"GM11475-1",2016
"GM11478-1",2016
"GM11480-6",2016
"GM11481-1",2016
"GM11483-1",2016
"GM11484-11",2016
"GM11492-2",2016
"GM11492-3",2016
"GM11492-4",2016
"GM11495-4",2016
"GM11502-4",2016
"GM11502-5",2016
"GM11503-12",2016
"GM11503-13",2016
"GM11503-14",2016
"GM11503-9",2016
"GM11507-1",2016
"GM11508-1",2016
"GM11514-2",2016
"GM11514-5",2016
"GM11514-7",2016
"GM11515-1",2016
"GM11515-2",2016
"GM11516-5",2016
"GM11517-1",2016
"GM11520-3",2016
"GM11520-4",2016
"GM11520-5",2016
"GM11523-1",2016
"GM11527-1",2016
"GM11530-1",2016
"GM11530-3",2016
"GM11531-1",2016
"GM11557-5",2016
"GM11558-2",2016
"GM11558-4",2016
"GM11568-1",2016
"GM11568-3",2016
"GM4440-33",2009
"SM4897-1",2015
"SM4897-10",2015
"SM4897-12",2015
"SM4897-14",2015
"SM4897-25",2015
"SM4897-5",2015
"SM4897-6",2015
"SM4897-8",2015
"SM4903-2",2015
"SM4903-3",2015
"SM4907-2",2015
"SM4907-3",2015
"SM4910-10",2015
"SM4910-2",2015
"SM4910-3",2015
"SM4910-4",2015
"SM4910-5",2015
"SM4910-7",2015
"SM4910-8",2015
"SM4915-10",2015
"SM4915-3",2015
"SM4915-6",2015
"SM4915-8",2015
"SM4917-8",2015
"SM4920-3",2015
"SM4921-12",2015
"SM4921-14",2015
"SM4921-15",2015
"SM4921-17",2015
"SM4921-18",2015
"SM4921-22",2015
"SM4921-24",2015
"SM4921-25",2015
"SM4921-26",2015
"SM4921-33",2015
"SM4921-35",2015
"SM4921-36",2015
"SM4921-38",2015
"SM4921-4",2015
"SM4921-8",2015
"SM4921-9",2015
"SM4922-3",2015
"SM4922-7",2015
"SM4924-3",2015
"SM4929-1",2015
"SM4936-4",2015
"SM4936-6",2015
"SM4936-7",2015
"SM4936-8",2015
"SM4937-16",2015
"SM4937-25",2015
"SM4937-27",2015
"SM4937-3",2015
"SM4937-4",2015
"SM4937-6",2015
"SM4939-5",2015
"SM4941-1",2015
"SM4941-3",2015
"SM4942-10",2015
"SM4942-19",2015
"SM4943-1",2015
"SM4946-13",2015
"SM4950-14",2015
"SM4950-21",2015
"SM4950-27",2015
"SM4950-28",2015
"SM4950-36",2015
"SM4950-37",2015
"SM4950-39",2015
"SM4950-4",2015
"SM4950-5",2015
"SM4950-6",2015
"SM4952-3",2015
"SM4952-6",2015
"SM4953-1",2015
"SM4953-10",2015
"SM4953-11",2015
"SM4953-13",2015
"SM4953-15",2015
"SM4953-9",2015
"SM4954-11",2015
"SM4954-17",2015
"SM4954-18",2015
"SM4954-19",2015
"SM4954-22",2015
"SM4954-25",2015
"SM4954-26",2015
"SM4954-28",2015
"SM4954-32",2015
"SM4954-33",2015
"SM4954-34",2015
"SM4954-37",2015
"SM4954-47",2015
"SM4954-5",2015
"SM4954-7",2015
"SM4954-8",2015
"SM4954-9",2015
"SM4955-12",2015
"SM4955-16",2015
"SM4955-20",2015
"SM4955-21",2015
"SM4955-4",2015
"SM4956-12",2015
"SM4956-14",2015
"SM4956-15",2015
"SM4956-16",2015
"SM4956-17",2015
"SM4956-21",2015
"SM4956-23",2015
"SM4956-27",2015
"SM4956-5",2015
"SM4957-8",2015
"SM4960-10",2015
"SM4960-16",2015
"SM4960-17",2015
"SM4960-18",2015
"SM4960-22",2015
"SM4960-30",2015
"SM4960-31",2015
"SM4960-33",2015
"SM4960-9",2015
"SM4962-16",2015
"SM4962-18",2015
"SM4962-20",2015
"SM4962-21",2015
"SM4963-16",2015
"SM4963-17",2015
"SM4963-23",2015
"SM4963-26",2015
"SM4963-27",2015
"SM4963-28",2015
"SM4971-4",2015
"SM4977-10",2015
"SM4977-13",2015
"SM4977-18",2015
"SM4977-23",2015
"SM4977-3",2015
"SM4977-4",2015
"SM4977-6",2015
"SM4977-7",2015
"SM4977-8",2015
"SM4981-12",2015
"SM4981-14",2015
"SM4981-16",2015
"SM4981-20",2015
"SM4981-28",2015
"SM4981-32",2015
"SM4981-34",2015
"SM4981-7",2015
"SM4981-9",2015
"SM4982-1",2015
"SM4984-2",2015
"SM4984-4",2015
"SM4984-7",2015
"SM4984-8",2015
"SM4989-1",2015
"SM4989-11",2015
"SM4989-14",2015
"SM4989-15",2015
"SM4989-16",2015
"SM4989-17",2015
"SM4989-2",2015
"SM4989-20",2015
"SM4989-3",2015
"SM4989-4",2015
"SM4989-5",2015
"SM4989-7",2015
"SM4993-14",2015
"SM4993-16",2015
"SM4993-4",2015
"SM5005-5",2015
"SM5007-11",2015
"SM5007-13",2015
"SM5007-30",2015
"SM5007-33",2015
"SM5007-34",2015
"SM5007-35",2015
"SM5008-10",2015
"SM5008-11",2015
"SM5008-12",2015
"SM5008-15",2015
"SM5008-16",2015
"SM5008-20",2015
"SM5008-23",2015
"SM5008-26",2015
"SM5008-28",2015
"SM5008-29",2015
"SM5008-34",2015
"SM5008-38",2015
"SM5008-39",2015
"SM5008-40",2015
"SM5008-41",2015
"SM5008-43",2015
"SM5008-47",2015
"SM5008-5",2015
"SM5008-52",2015
"SM5008-54",2015
"SM5008-60",2015
"SM5008-66",2015
"SM5008-68",2015
"SM5010-14",2015
"SM5010-16",2015
"SM5010-3",2015
"SM5010-6",2015
"SM5010-8",2015
"SM5015-10",2015
"SM5015-13",2015
"SM5015-14",2015
"SM5015-5",2015
"SM5020-13",2015
"SM5020-15",2015
"SM5020-19",2015
"SM5020-20",2015
"SM5020-21",2015
"SM5020-22",2015
"SM5020-23",2015
"SM5020-28",2015
"SM5020-35",2015
"SM5020-38",2015
"SM5020-42",2015
"SM5020-47",2015
"SM5020-48",2015
"SM5020-49",2015
"SM5020-51",2015
"SM5020-52",2015
"SM5020-53",2015
"SM5020-56",2015
"SM5020-61",2015
"SM5020-65",2015
"SM5020-66",2015
"SM5020-67",2015
"SM5020-7",2015
"SM5024-10",2015
"SM5024-20",2015
"SM5024-21",2015
"SM5024-22",2015
"SM5024-24",2015
"SM5024-28",2015
"SM5024-6",2015
"SM5203-12",2016
"SM5203-16",2016
"SM5203-17",2016
"SM5203-34",2016
"SM5203-35",2016
"SM5203-36",2016
"SM5203-37",2016
"SM5203-40",2016
"SM5203-42",2016
"SM5203-43",2016
"SM5203-44",2016
"SM5203-45",2016
"SM5203-46",2016
"SM5203-47",2016
"SM5203-52",2016
"SM5203-54",2016
"SM5203-58",2016
"SM5203-6",2016
"SM5203-60",2016
"SM5203-61",2016
"SM5203-8",2016
"SM5203-9",2016
"SM5204-3",2016
"SM5207-10",2016
"SM5207-24",2016
"SM5212-5",2016
"SM5213-3",2016
"SM5228-10",2016
"SM5228-11",2016
"SM5228-18",2016
"SM5228-19",2016
"SM5228-20",2016
"SM5228-22",2016
"SM5228-3",2016
"SM5228-5",2016
"SM5228-6",2016
"SM5228-9",2016
"SM5231-10",2016
"SM5231-12",2016
"SM5231-2",2016
"SM5231-4",2016
"SM5231-5",2016
"SM5231-8",2016
"SM5237-2",2016
"SM5241-14",2016
"SM5241-16",2016
"SM5241-17",2016
"SM5241-19",2016
"SM5241-25",2016
"SM5241-26",2016
"SM5241-8",2016
"SM5258-1",2016
"SM5267-10",2016
"SM5267-12",2016
"SM5267-13",2016
"SM5267-8",2016
"SM5272-10",2016
"SM5272-11",2016
"SM5272-15",2016
"SM5272-16",2016
"SM5272-2",2016
"SM5272-4",2016
"SM5272-7",2016
"SM5275-10",2016
"SM5275-12",2016
"SM5275-14",2016
"SM5275-20",2016
"SM5275-4",2016
"SM5275-8",2016
"SM5275-9",2016
"SM5276-2",2016
"SM5276-5",2016
"SM5288-2",2016
"SM5288-4",2016
"SM5288-5",2016
"SM5288-7",2016
"SM5288-8",2016
"SM5288-9",2016
"SM5292-13",2016
"SM5292-23",2016
"SM5292-25",2016
"SM5299-1",2016
"SM5299-15",2016
"SM5299-3",2016
"SM5299-5",2016
"SM5299-6",2016
"SM5302-10",2016
"SM5302-11",2016
"SM5302-2",2016
"SM5302-3",2016
"SM5302-4",2016
"SM5302-5",2016
"SM5302-7",2016
"SM5302-9",2016
"SM5306-1",2016
"SM5311-10",2016
"SM5311-13",2016
"SM5311-17",2016
"SM5311-22",2016
"SM5311-24",2016
"SM5311-28",2016
"SM5311-3",2016
"SM5311-4",2016
"SM5311-5",2016
"SM5311-7",2016
"SM5313-10",2016
"SM5313-13",2016
"SM5313-16",2016
"SM5313-2",2016
"SM5313-4",2016
"SM5313-5",2016
"SM5317-10",2016
"SM5317-12",2016
"SM5317-2",2016
"SM5317-4",2016
"SM5317-5",2016
"SM5319-1",2016
"SM5319-10",2016
"SM5319-3",2016
"SM5319-6",2016
"SM5319-7",2016
"SM5321-11",2016
"SM5322-1",2016
"SM5322-10",2016
"SM5322-12",2016
"SM5322-13",2016
"SM5322-17",2016
"SM5322-19",2016
"SM5322-2",2016
"SM5322-23",2016
"SM5322-3",2016
"SM5322-4",2016
"SM5322-7",2016
"SM5322-8",2016
"SM5324-6",2016
"SM5324-7",2016
"SM5327-11",2016
"SM5327-16",2016
"SM5327-17",2016
"SM5327-6",2016
"SM5327-9",2016
"SM5334-1",2016
"SM5334-6",2016
"SM5334-7",2016
"SM5334-8",2016
"SM5334-9",2016
"SM5335-13",2016
"SM5335-14",2016
"SM5335-5",2016
"SM5335-7",2016
"SM5337-2",2016
"SM5337-20",2016
"SM5337-24",2016
"SM5337-3",2016
"SM5337-4",2016
"SM5337-5",2016
"SM5337-6",2016
"SM5339-10",2016
"SM5339-19",2016
"SM5341-15",2016
"SM5341-2",2016
"SM5341-8",2016
"SM5341-9",2016
"SM5343-1",2016
"SM5343-5",2016
"SM5349-12",2016
"SM5349-23",2016
"SM5349-28",2016
"SM5349-31",2016
"SM5349-32",2016
"SM5349-4",2016
"SM5349-5",2016
"SM5352-14",2016
"SM5352-16",2016
"SM5352-19",2016
"SM5352-2",2016
"SM5352-28",2016
"SM5352-6",2016
"SM5352-7",2016
"SM5353-8",2016
"SM5358-10",2016
"SM5358-7",2016
"SM5358-9",2016
"SM5365-2",2016
"SM5366-13",2016
"SM5366-16",2016
"SM5366-20",2016
"SM5368-3",2016
"SM5368-6",2016
"SM5374-10",2016
"SM5374-15",2016
"SM5374-17",2016
"SM5374-20",2016
"SM5374-21",2016
"SM5374-24",2016
"SM5374-26",2016
"SM5374-30",2016
"SM5374-32",2016
"SM5374-34",2016
"SM5374-37",2016
"SM5374-6",2016
"SM5374-7",2016
"SM5378-13",2016
"SM5378-18",2016
"SM5378-8",2016
"SM5380-11",2016
"SM5380-14",2016
"SM5380-6",2016
"SM5381-14",2016
"SM5381-2",2016
"SM5381-6",2016
"SM5387-14",2016
"SM5387-29",2016
"SM5387-3",2016
"SM5387-31",2016
"SM5387-5",2016
"SM5392-11",2016
"SM5392-14",2016
"SM5392-18",2016
"SM5392-3",2016
"SM5409-15",2016
"SM5409-2",2016
"SM5409-23",2016
"SM5409-4",2016
"SM5412-10",2016
"SM5412-16",2016
"SM5412-17",2016
"SM5412-19",2016
"SM5412-20",2016
"SM5412-23",2016
"SM5421-20",2016
"SM5421-21",2016
"SM5421-26",2016
"SM5421-27",2016
"SM5421-3",2016
"SM5421-4",2016
"SM5430-3",2016
"SM5441-10",2016
"SM5441-4",2016
"SM5454-1",2016
"SM5454-18",2016
"SM5454-3",2016
"SM5454-5",2016
"SM5454-8",2016
"SM5456-1",2016
"SM5456-12",2016
"SM5456-13",2016
"SM5456-14",2016
"SM5456-16",2016
"SM5456-17",2016
"SM5456-18",2016
"SM5456-19",2016
"SM5456-2",2016
"SM5456-20",2016
"SM5456-21",2016
"SM5456-24",2016
"SM5456-25",2016
"SM5456-26",2016
"SM5456-3",2016
"SM5456-4",2016
"SM5456-5",2016
"SM5456-6",2016
"SM5456-7",2016
"SM5460-1",2016
"SM5463-4",2016
"SM5465-1",2016
"SM5471-7",2016
"SM5472-1",2016
"SM5472-10",2016
"SM5472-12",2016
"SM5472-13",2016
"SM5472-15",2016
"SM5472-18",2016
"SM5472-7",2016
"SM5473-10",2016
"SM5473-12",2016
"SM5473-18",2016
"SM5473-31",2016
"SM5473-32",2016
"SM5473-33",2016
"SM5473-34",2016
"SM5473-8",2016
"SM5473-9",2016
"SM5475-2",2016
"SM5477-1",2016
"SM4355-12",2014
"SM4352-14",2014
"SM4354-18",2014
"SM4354-23",2014
"SM4357-2",2014
"SM4368-30",2014
"SM4371-25",2014
"SM4376-3",2014
"SM4328-12",2013
"SM4330-1",2014
"GM8969-2",2012
"GM8970-10",2012
"GM8957-46",2012
"GM8958-10",2012
"GM8958-19",2012
"GM8958-26",2012
"GM8959-6",2012
"GM8959-12",2012
"GM8959-15",2012
"GM8959-21",2012
"GM8959-35",2012
"GM8959-36",2012
"GM8959-40",2012
"GM8959-42",2012
"GM8959-56",2012
"GM8959-58",2012
"GM8959-64",2012
"GM8959-65",2012
"GM8959-68",2012
"GM8959-73",2012
"GM8961-6",2012
"GM8962-5",2012
"GM8964-32",2012
"GM8967-12",2012
"GM8967-42",2012
"GM8967-47",2012
"GM8967-54",2012
"AM1261-13",2009
"AM1253-13",2009
"AM1216-3",2008
"AM1228-2",2008
"AM1428-30",2013
"AM1432-2",2013
"AM1432-7",2013
"AM1352-3",2011
"AM907-57",2008
"AM922-10",2007
"AM900-14",2008
"AM907-110",2011
"AM1451-4",2013
"GM9033-89",2012
"GM9046-20",2012
"GM9046-41",2012
"GM9046-45",2012
"GM9046-47",2012
"GM9026-2",2012
"GM9029-29",2012
"GM9054-51",2012
"GM8998-3",2012
"GM9031-8",2012
"GM8978-15",2012
"GM9009-6",2012
"GM9032-9",2012
"GM9036-4",2012
"GM9013-2",2012
"GM9016-3",2012
"GM9033-32",2012
"GM8985-34",2012
"GM8985-41",2012
"GM9019-7",2012
"GM9033-50",2012
"GM8461-15",2011
"GM8437-30",2011
"GM8951-2",2012
"GM8956-1",2012
"GM8953-5",2012
"GM8953-14",2012
"GM8953-17",2012
"GM8953-28",2012
"GM9500-2",2013
"GM9506-19",2013
"GM9396-2",2013
"GM9398-1",2013
"GM9400-1",2013
"GM9369-74",2013
"GM9406-3",2013
"GM9369-98",2013
"GM9370-1",2013
"GM9411-1",2013
"GM9458-1",2013
"GM9458-6",2013
"GM9458-18",2013
"GM9497-7",2013
"GM9418-8",2013
"GM9463-2",2013
"GM9464-1",2013
"GM9497-14",2013
"GM9927-3",2014
"GM9927-7",2014
"GM9927-15",2014
"GM9927-20",2014
"GM9927-22",2014
"GM9951-1",2014
"GM9951-6",2014
"GM9955-1",2014
"GM9955-2",2014
"GM9955-8",2014
"GM9958-1",2014
"GM9960-7",2014
"GM9970-1",2014
"GM9975-1",2014
"GM9976-2",2014
"GM9976-3",2014
"GM9979-1",2014
"GM9984-6",2014
"GM9985-2",2014
"GM9994-1",2014
"GM9997-1",2014
"GM10004-2",2014
"GM10009-3",2014
"GM10010-1",2014
"GM10010-3",2014
"GM10010-8",2014
"GM10015-2",2014
"GM10019-1",2014
"GM10026-1",2014
"GM10026-3",2014
"GM10026-4",2014
"GM10034-3",2014
"GM10035-1",2014
"GM9919-5",2014
"GM9919-6",2014
"GM9919-25",2014
"GM9919-26",2014
"GM1556-4",2010
"GM3518-1",2007
"GM3518-3",2007
"GM3518-5",2007
"GM3518-18",2007
"GM3518-19",2007
"GM3518-26",2007
"GM3518-32",2007
"GM3518-34",2007
"GM3518-42",2007
"GM3518-48",2007
"GM3518-49",2007
"GM3518-54",2007
"GM3518-58",2007
"GM3426-5",2007
"GM3518-66",2007
"GM3518-68",2007
"GM3518-70",2007
"GM3521-14",2007
"GM3523-25",2007
"GM3523-70",2007
"GM3523-72",2007
"GM3530-14",2007
"GM3551-46",2007
"GM3533-6",2007
"GM3587-41",2007
"GM3533-72",2007
"GM3563-18",2007
"GM3524-72",2007
"GM3560-34",2007
"GM3594-36",2007
"GM3633-5",2007
"GM3594-46",2007
"GM3594-65",2007
"GM3594-70",2007
"GM3609-30",2007
"GM3587-51",2007
"GM3628-1",2007
"GM3609-98",2007
"GM3628-33",2007
"GM3609-108",2007
"GM3609-113",2007
"GM3609-122",2007
"GM3593-70",2007
"GM3621-18",2007
"GM3667-85",2007
"GM3649-109",2007
"GM3650-15",2007
"GM3650-19",2007
"GM3693-2",2007
"GM3650-41",2007
"GM3650-42",2007
"GM3695-9",2007
"GM3650-46",2007
"GM3650-49",2007
"GM3650-51",2007
"GM3650-57",2007
"GM3697-7",2007
"GM3698-1",2007
"GM3652-21",2007
"GM3699-111",2007
"GM3647-16",2007
"GM3647-23",2007
"GM3666-77",2007
"GM3674-35",2007
"GM3674-41",2007
"GM3648-9",2007
"GM3675-20",2007
"GM3675-38",2007
"GM3667-32",2007
"GM3675-49",2007
"GM3675-52",2007
"GM3676-1",2007
"GM3658-73",2007
"GM3658-75",2007
"GM3658-77",2007
"GM3658-81",2007
"GM3667-49",2007
"GM3667-55",2007
"GM3649-68",2007
"GM3667-64",2007
"GM3732-22",2008
"GM3736-16",2008
"GM3736-40",2008
"GM3700-14",2007
"GM3738-24",2008
"GM3738-25",2008
"GM3838-15",2008
"GM3738-42",2008
"GM3727-3",2008
"GM3727-47",2010
"GM3727-56",2010
"GM4327-10",2009
"GM4371-1",2009
"GM4328-4",2009
"GM4328-15",2009
"GM4329-2",2009
"GM4329-4",2009
"GM4330-2",2009
"GM4330-4",2009
"GM4264-2",2009
"GM4334-1",2009
"GM4339-1",2009
"GM4276-1",2009
"GM4341-3",2009
"GM4344-2",2009
"GM4279-4",2009
"GM4345-5",2009
"GM4347-1",2009
"GM4288-5",2009
"GM4292-1",2009
"GM4300-1",2009
"GM4353-1",2009
"GM4358-4",2009
"GM4310-2",2009
"GM4310-4",2009
"GM4310-5",2009
"GM4310-9",2009
"GM4313-3",2009
"GM4316-1",2009
"GM4325-5",2009
"GM4394-5",2009
"GM4394-9",2009
"GM4395-9",2009
"GM4412-49",2009
"GM4482-20",2009
"GM4395-27",2009
"GM4395-31",2009
"GM4412-71",2012
"GM4476-14",2009
"GM4486-11",2009
"GM4486-22",2009
"GM4414-5",2009
"GM4414-6",2009
"GM4385-1",2009
"GM4385-7",2009
"GM4385-15",2009
"GM4408-17",2009
"GM4409-52",2009
"GM4436-3",2009
"GM4393-14",2009
"GM4393-16",2009
"GM4571-3",2009
"GM4516-8",2009
"GM4526-7",2009
"GM4526-14",2009
"GM4527-2",2009
"GM4527-4",2009
"GM4531-6",2009
"GM4562-1",2009
"GM4562-11",2009
"GM4562-27",2009
"GM4543-2",2009
"GM4546-21",2009
"GM4508-10",2009
"GM4509-1",2009
"GM4546-35",2009
"GM4510-7",2009
"GM4512-5",2009
"GM4513-2",2009
"GM4514-13",2009
"GM5127-7",2010
"GM5133-3",2010
"GM5152-2",2010
"GM5154-6",2010
"GM5146-3",2010
"GM5146-6",2010
"GM5146-9",2010
"GM5146-16",2010
"GM5146-19",2010
"GM5270-14",2010
"GM5270-23",2010
"GM5172-3",2010
"GM5207-1",2010
"GM5176-2",2010
"GM5210-10",2010
"GM5177-3",2010
"GM5211-3",2010
"GM5211-9",2010
"GM5211-13",2010
"GM5309-7",2011
"GM5185-21",2010
"GM5309-27",2011
"GM5309-31",2011
"GM5309-34",2011
"GM5309-35",2011
"GM5309-40",2011
"GM5190-1",2010
"GM5212-6",2010
"GM5309-48",2011
"GM5309-49",2011
"GM5309-54",2011
"GM5309-56",2011
"GM5309-57",2011
"GM5194-5",2010
"GM5194-13",2010
"GM5216-19",2010
"GM5246-14",2010
"GM5246-16",2010
"GM5249-2",2010
"GM5160-29",2010
"GM5160-38",2010
"GM5160-43",2010
"GM5249-8",2010
"GM5160-51",2010
"GM5161-2",2010
"GM5200-21",2010
"GM5201-13",2010
"GM5253-2",2010
"GM5202-2",2010
"GM5202-4",2010
"GM5202-15",2010
"GM5224-5",2010
"GM5257-5",2010
"GM5259-1",2010
"GM5165-4",2010
"GM5165-8",2010
"GM5165-12",2010
"GM5204-5",2010
"GM5204-11",2010
"GM5260-3",2010
"GM5260-4",2010
"GM5165-46",2010
"GM5205-8",2010
"GM5205-11",2010
"GM5261-21",2010
"GM5270-1",2010
"GM5270-4",2010
"GM6141-1",2011
"GM6147-48",2011
"GM6146-14",2011
"GM6128-5",2011
"GM6131-4",2011
"GM8339-21",2011
"GM8373-46",2011
"GM8373-47",2011
"GM6200-1",2011
"GM6255-14",2011
"GM8375-15",2011
"GM8375-32",2011
"GM8375-42",2011
"GM8375-58",2011
"GM8375-59",2011
"GM8375-60",2011
"GM6206-37",2011
"GM8375-86",2011
"GM6206-47",2011
"GM6148-6",2011
"GM8342-6",2011
"GM8351-1",2011
"GM6168-1",2011
"GM6172-3",2011
"GM6172-6",2011
"GM8326-1",2011
"GM8326-6",2011
"GM8326-7",2011
"GM8359-9",2011
"GM8359-16",2011
"GM8360-1",2011
"GM8360-4",2011
"GM8326-10",2011
"GM8326-15",2011
"GM8326-19",2011
"GM8367-15",2011
"GM8367-25",2011
"GM8369-5",2011
"GM8413-1",2011
"GM8413-2",2011
"GM8397-1",2011
"GM8388-6",2011
"GM8389-5",2011
"GM8407-21",2011
"GM8390-15",2011
"GM8408-17",2011
"GM8413-3",2011
"GM8413-9",2011
"GM8413-18",2011
"GM8409-13",2011
"GM8378-60",2011
"GM8380-8",2011
"GM8391-4",2011
"GM8391-6",2011
"GM8409-38",2011
"GM8409-43",2011
"GM8409-57",2011
"GM8393-1",2011
"GM8393-5",2011
"GM8381-10",2011
"SM3441-150",2006
"SM3442-217",2006
"GM8560-13",2011
"GM8527-12",2011
"GM8536-2",2011
"GM8540-4",2011
"SM3958-50",2012
"SM3894-28",2011
"SM3939-141",2012
"SM3958-114",2012
"SM3954-140",2012
"SM3958-132",2012
"SM3953-4",2012
"SM3945-2",2012
"SM3895-87",2011
"SM3956-12",2012
"SM3960-71",2012
"SM3951-1",2012
"SM3896-69",2011
"SM3892-36",2011
"SM3892-47",2011
"SM3940-187",2012
"SM3893-2",2011
"SM3893-10",2011
"SM3893-31",2011
"SM3893-59",2011
"SM3943-80",2012
"SM3958-13",2012
"SM3893-94",2011
"SM3958-43",2012
"SM3758-25",2010
"SM3882-76",2011
"SM3882-86",2011
"SM3885-63",2011
"SM3682-45",2009
"SM3682-57",2009
"SM3758-47",2010
"SM3615-1",2008
"SM3615-16",2008
"SM3615-19",2008
"SM3682-72",2009
"SM3695-82",2009
"SM3764-4",2010
"SM3764-13",2010
"SM3770-12",2010
"SM3782-19",2010
"SM3615-42",2008
"SM3684-2",2009
"SM3684-7",2009
"SM3684-14",2009
"SM3770-54",2010
"SM3616-17",2008
"SM3684-27",2009
"SM3685-11",2009
"SM3685-13",2009
"SM3759-36",2010
"SM3770-67",2010
"SM3618-1",2008
"SM3673-29",2009
"SM3674-1",2009
"SM3685-20",2009
"SM3685-23",2009
"SM3685-26",2009
"SM3691-73",2009
"SM3691-74",2009
"SM3766-17",2010
"SM3889-39",2011
"SM3622-18",2008
"SM3622-23",2008
"SM3692-15",2009
"SM3692-17",2009
"SM3692-18",2009
"SM3761-20",2010
"SM3623-7",2008
"SM3677-13",2009
"SM3686-42",2009
"SM3686-48",2009
"SM3686-56",2009
"SM3692-23",2009
"SM3692-32",2009
"SM3692-43",2009
"SM3761-28",2010
"SM3761-29",2010
"SM3767-7",2010
"SM3767-10",2010
"SM3767-19",2010
"SM3883-96",2011
"SM3889-87",2011
"SM3890-9",2011
"SM3623-30",2008
"SM3623-31",2008
"SM3677-47",2009
"SM3692-51",2009
"SM3692-55",2009
"SM3692-60",2009
"SM3756-7",2010
"SM3761-58",2010
"SM3761-61",2010
"SM3761-67",2010
"SM3761-68",2010
"SM3878-42",2011
"SM3677-50",2009
"SM3677-72",2009
"SM3692-76",2009
"SM3767-66",2010
"SM3767-76",2010
"SM3773-51",2010
"SM3887-29",2011
"SM3677-74",2009
"SM3679-5",2009
"SM3679-8",2009
"SM3679-13",2009
"SM3761-103",2010
"SM3761-110",2010
"SM3761-117",2010
"SM3761-125",2010
"SM3767-84",2010
"SM3774-21",2010
"SM3878-111",2011
"SM3887-42",2011
"SM3887-52",2011
"SM3887-59",2011
"SM3679-21",2009
"SM3680-4",2009
"SM3761-133",2010
"SM3774-55",2010
"SM3887-74",2011
"SM3888-4",2011
"SM3607-37",2008
"SM3680-15",2009
"SM3694-19",2009
"SM3762-6",2010
"SM3762-15",2010
"SM3762-22",2010
"SM3774-67",2010
"SM3879-29",2011
"SM3881-146",2011
"SM3694-44",2009
"SM3757-45",2010
"SM3881-156",2011
"SM3882-9",2011
"SM3882-18",2011
"SM3607-84",2008
"SM3682-4",2009
"SM3682-6",2009
"SM3682-8",2009
"SM3682-12",2009
"SM3694-54",2009
"SM3757-75",2010
"SM3879-75",2011
"SM3879-93",2011
"SM3882-19",2011
"SM3882-30",2011
"SM3885-12",2011
"SM3757-81",2010
"SM3879-104",2011
"SM3882-48",2011
"SM3882-59",2011
"SM3885-50",2011
"SM4507-9",2014
"SM4576-50",2014
"SM4576-58",2014
"SM4404-4",2014
"SM4404-5",2014
"SM4509-1",2014
"SM4576-66",2014
"SM4421-22",2014
"SM4421-37",2014
"SM4511-1",2014
"SM4515-5",2014
"SM4577-6",2014
"SM4392-3",2014
"SM4423-1",2014
"SM4565-1",2014
"SM4393-18",2014
"SM4393-20",2014
"SM4487-7",2014
"SM4566-11",2014
"SM4566-13",2014
"SM4567-4",2014
"SM4568-5",2014
"SM4408-2",2014
"SM4471-6",2014
"SM4569-1",2014
"SM4569-2",2014
"SM4569-16",2014
"SM4569-17",2014
"SM4450-1",2014
"SM4471-21",2014
"SM4471-25",2014
"SM4471-38",2014
"SM4571-7",2014
"SM4471-44",2014
"SM4489-25",2014
"SM4573-1",2014
"SM4573-2",2014
"SM4573-7",2014
"SM4409-9",2014
"SM4409-11",2014
"SM4471-64",2014
"SM4472-3",2014
"SM4573-18",2014
"SM4573-21",2014
"SM4573-25",2014
"SM4573-27",2014
"SM4573-30",2014
"SM4410-1",2014
"SM4472-21",2014
"SM4479-41",2014
"SM4491-2",2014
"SM4573-37",2014
"SM4573-38",2014
"SM4573-41",2014
"SM4573-44",2014
"SM4574-4",2014
"SM4410-35",2014
"SM4410-40",2014
"SM4410-43",2014
"SM4480-33",2014
"SM4574-6",2014
"SM4574-15",2014
"SM4574-30",2014
"SM4574-37",2014
"SM4574-40",2014
"SM4574-43",2014
"SM4574-45",2014
"SM4574-46",2014
"SM4574-51",2014
"SM4433-12",2014
"SM4574-56",2014
"SM4574-58",2014
"SM4575-10",2014
"SM4388-2",2014
"SM4501-5",2014
"SM4501-9",2014
"SM4575-23",2014
"SM4402-6",2014
"SM4402-7",2014
"SM4416-3",2014
"SM4436-1",2014
"SM4483-1",2014
"SM4483-2",2014
"SM4483-3",2014
"SM4483-4",2014
"SM4483-6",2014
"SM4483-7",2014
"SM4483-9",2014
"SM4483-10",2014
"SM4483-15",2014
"SM4575-59",2014
"SM4576-1",2014
"SM4576-6",2014
"SM4463-2",2014
"SM4484-10",2014
"SM4503-13",2014
"SM4576-16",2014
"SM4576-22",2014
"SM4576-25",2014
"SM4484-18",2014
"SM4289-129",2013
"SM4289-133",2013
"SM4289-140",2013
"SM4289-156",2013
"SM4287-179",2013
"SM4289-179",2013
"SM4320-56",2013
"SM4286-218",2013
"SM4289-418",2013
"SM4289-438",2013
"SM4291-1",2013
"SM4291-30",2013
"SM4317-52",2013
"SM4291-85",2013
"SM4319-12",2013
"SM4299-6",2013
"SM4319-18",2013
"SM4290-5",2013
"SM4290-27",2013
"SM4285-32",2013
"SM4286-7",2013
"SM4286-10",2013
"SM4287-2",2013
"SM4290-58",2013
"SM4290-72",2013
"SM4289-21",2013
"SM4289-41",2013
"SM4290-100",2013
"SM4292-11",2013
"SM4289-111",2013
"SM4289-113",2013
"GM9297-6",2013
"GM9297-9",2013
"GM9342-46",2013
"GM9241-58",2012
"GM9299-40",2013
"GM9300-2",2013
"GM9302-3",2013
"GM9191-15",2012
"GM9302-4",2013
"GM9302-14",2013
"GM9352-12",2013
"GM9302-38",2013
"GM9302-54",2013
"GM9302-55",2013
"GM9261-6",2012
"GM9302-73",2013
"GM9353-62",2013
"GM9353-72",2013
"GM9353-95",2013
"GM9308-1",2013
"GM9353-98",2013
"GM9308-7",2013
"GM9359-20",2013
"GM9315-1",2013
"GM9342-20",2013
"GM9293-14",2013
"GM9294-2",2013
"GM9295-1",2013
"GM9296-1",2013
"GM9297-1",2013
"GM9342-29",2013
"SM3536-44",2007
"SM3511-6",2007
"GM8503-99",2011
